{
 "ChickenWire_01_Door_128": {
  "lt": {
   "right": [
    1.0,
    0.0,
    0.0
   ],
   "up": [
    0.0,
    1.0,
    0.0
   ],
   "front": [
    0.0,
    0.0,
    1.0
   ],
   "pos": [
    1.0845791101455688,
    0.922092616558075,
    -0.026090484112501144
   ]
  },
  "deg": 85.0
 },
 "DoorRural_01": {
  "lt": {
   "right": [
    1.0,
    0.0,
    0.0
   ],
   "up": [
    0.0,
    1.0,
    0.0
   ],
   "front": [
    0.0,
    0.0,
    1.0
   ],
   "pos": [
    -0.7253299951553345,
    0.0,
    0.0
   ]
  },
  "deg": 85.0
 },
 "DoorRural_02": {
  "lt": {
   "right": [
    -1.0,
    1.2246468525851679e-16,
    0.0
   ],
   "up": [
    -1.2246468525851679e-16,
    -1.0,
    0.0
   ],
   "front": [
    0.0,
    0.0,
    1.0
   ],
   "pos": [
    0.5799999833106995,
    -7.888608875885965e-33,
    0.0
   ]
  },
  "deg": 85.0
 },
 "BorderFenceDoor_01": {
  "lt": {
   "right": [
    1.0,
    0.0,
    0.0
   ],
   "up": [
    0.0,
    1.0,
    0.0
   ],
   "front": [
    0.0,
    0.0,
    1.0
   ],
   "pos": [
    -0.6398189663887024,
    0.0,
    0.0
   ]
  },
  "deg": 85.0
 },
 "DoorInterior_160_01": {
  "lt": {
   "right": [
    1,
    0,
    0
   ],
   "up": [
    0,
    1,
    0
   ],
   "front": [
    0,
    0,
    1
   ],
   "pos": [
    -0.73,
    0,
    0
   ]
  },
  "deg": 85.0
 },
 "DoorRural_02_OPT": {
  "lt": {
   "right": [
    1,
    0,
    0
   ],
   "up": [
    0,
    1,
    0
   ],
   "front": [
    0,
    0,
    1
   ],
   "pos": [
    -0.58,
    0,
    0
   ]
  },
  "deg": 85.0
 }
}